profile,region_name,barcode
ours,our_best_1,TCTGCCAGAAACTGCA-1
ours,our_best_1,TCTTACTTATGCCTCT-1
ours,our_best_1,GGCGAAATCTAACTTG-1
ours,our_best_2,CGGGCGATGGATCACG-1
ours,our_best_2,ACGTAGGAGAGTCGCT-1
ours,our_best_2,AGCCATATAGTATGTG-1
ours,our_best_3,TGAGCGGAAAGTGTTC-1
ours,our_best_3,ATTCACTGATGTTGGA-1
ours,our_best_3,GACGACGATCCGCGTT-1
ours,our_best_4,ACAGATTAGGTTAGTG-1
ours,our_best_5,ATCTGTAATTGTACCC-1
ours,our_best_5,CTCCGGCCTAATATGC-1
ours,our_best_6,GCCGATTGGCCAAGCT-1
ours,our_best_6,CACTCAAGAGCTATGG-1
ours,our_best_7,ATCAGCCTCATGCTGC-1
ours,our_best_7,GTCCGGACCTGAAATT-1
ours,our_best_8,TCCTGCAGCCGCCAAT-1
ours,our_best_9,GACATCCGTCGAACTG-1
ours,our_best_10,CCTGTTTGAAGACACG-1
ours,our_best_11,ACGCGAAGTCAGACGA-1
ours,our_best_12,GAAATCGCGCGCAACT-1
ours,our_best_13,GTTGAGTCCCGCCGGT-1
our_best,our_best_1,CGGGCGATGGATCACG-1
our_best,our_best_1,ACGTAGGAGAGTCGCT-1
our_best,our_best_1,AGCCATATAGTATGTG-1
our_best,our_best_1,CGAGAGCTTTCACTAC-1
our_best,our_best_2,TGAGCGGAAAGTGTTC-1
our_best,our_best_2,ATTCACTGATGTTGGA-1
our_best,our_best_3,TCTTACTTATGCCTCT-1
our_best,our_best_3,TCCTTACGACGGTCCG-1
our_best,our_best_4,ACAGATTAGGTTAGTG-1
our_best,our_best_5,GCCGATTGGCCAAGCT-1
our_best,our_best_5,CACTCAAGAGCTATGG-1
our_best,our_best_6,ATCTGTAATTGTACCC-1
our_best,our_best_6,CTCCGGCCTAATATGC-1
our_best,our_best_7,ATCAGCCTCATGCTGC-1
our_best,our_best_7,GTCCGGACCTGAAATT-1
our_best,our_best_8,TCCTGCAGCCGCCAAT-1
our_best,our_best_9,TCTGCCAGAAACTGCA-1
our_best,our_best_10,GACATCCGTCGAACTG-1
our_best,our_best_11,CCTGTTTGAAGACACG-1
our_best,our_best_12,GGCGAAATCTAACTTG-1
our_best,our_best_13,GACGACGATCCGCGTT-1
our_best,our_best_14,GAAATCGCGCGCAACT-1
our_best,our_best_15,ACGCGAAGTCAGACGA-1
our_best,our_best_16,GTTGAGTCCCGCCGGT-1
our_best,our_best_17,GGCTTTCAATAAGGGT-1
our_best,our_best_18,CAAACCATAAGCGTAT-1
